{
  "total_runs": 3,
  "success_runs": 3,
  "failed_runs": 0,
  "elapsed_seconds": 2400.665449,
  "metrics_mean": {
    "portfolio_cum_return": 0.5401114954951387,
    "benchmark_cum_return": 0.26045799255371094,
    "excess_cum_return": 0.27965350294142777,
    "excess_with_cost_mean": 0.000356907540572049,
    "excess_with_cost_std": 0.005564501043069852,
    "excess_with_cost_annualized_return": 0.08863959600641902,
    "excess_with_cost_information_ratio": 0.9895049565690033,
    "excess_with_cost_max_drawdown": -0.10271975747059137,
    "excess_no_cost_mean": 0.0005519901118096193,
    "excess_no_cost_std": 0.005562156085780121,
    "excess_no_cost_annualized_return": 0.14035247301252718,
    "excess_no_cost_information_ratio": 1.5310049843330016,
    "excess_no_cost_max_drawdown": -0.09659643651964833
  },
  "metrics_std": {
    "portfolio_cum_return": 0.0,
    "benchmark_cum_return": 0.0,
    "excess_cum_return": 0.0,
    "excess_with_cost_mean": 0.0,
    "excess_with_cost_std": 0.0,
    "excess_with_cost_annualized_return": 0.0,
    "excess_with_cost_information_ratio": 0.0,
    "excess_with_cost_max_drawdown": 0.0,
    "excess_no_cost_mean": 0.0,
    "excess_no_cost_std": 0.0,
    "excess_no_cost_annualized_return": 0.0,
    "excess_no_cost_information_ratio": 0.0,
    "excess_no_cost_max_drawdown": 0.0
  },
  "metrics_per_run": [
    {
      "run": 1,
      "status": "success",
      "portfolio_cum_return": 0.5401114954951387,
      "benchmark_cum_return": 0.26045799255371094,
      "excess_cum_return": 0.27965350294142777,
      "excess_with_cost_mean": 0.000356907540572049,
      "excess_with_cost_std": 0.005564501043069852,
      "excess_with_cost_annualized_return": 0.08863959600641902,
      "excess_with_cost_information_ratio": 0.9895049565690033,
      "excess_with_cost_max_drawdown": -0.10271975747059137,
      "excess_no_cost_mean": 0.0005519901118096193,
      "excess_no_cost_std": 0.005562156085780121,
      "excess_no_cost_annualized_return": 0.14035247301252718,
      "excess_no_cost_information_ratio": 1.5310049843330016,
      "excess_no_cost_max_drawdown": -0.09659643651964833
    },
    {
      "run": 2,
      "status": "success",
      "portfolio_cum_return": 0.5401114954951387,
      "benchmark_cum_return": 0.26045799255371094,
      "excess_cum_return": 0.27965350294142777,
      "excess_with_cost_mean": 0.000356907540572049,
      "excess_with_cost_std": 0.005564501043069852,
      "excess_with_cost_annualized_return": 0.08863959600641902,
      "excess_with_cost_information_ratio": 0.9895049565690033,
      "excess_with_cost_max_drawdown": -0.10271975747059137,
      "excess_no_cost_mean": 0.0005519901118096193,
      "excess_no_cost_std": 0.005562156085780121,
      "excess_no_cost_annualized_return": 0.14035247301252718,
      "excess_no_cost_information_ratio": 1.5310049843330016,
      "excess_no_cost_max_drawdown": -0.09659643651964833
    },
    {
      "run": 3,
      "status": "success",
      "portfolio_cum_return": 0.5401114954951387,
      "benchmark_cum_return": 0.26045799255371094,
      "excess_cum_return": 0.27965350294142777,
      "excess_with_cost_mean": 0.000356907540572049,
      "excess_with_cost_std": 0.005564501043069852,
      "excess_with_cost_annualized_return": 0.08863959600641902,
      "excess_with_cost_information_ratio": 0.9895049565690033,
      "excess_with_cost_max_drawdown": -0.10271975747059137,
      "excess_no_cost_mean": 0.0005519901118096193,
      "excess_no_cost_std": 0.005562156085780121,
      "excess_no_cost_annualized_return": 0.14035247301252718,
      "excess_no_cost_information_ratio": 1.5310049843330016,
      "excess_no_cost_max_drawdown": -0.09659643651964833
    }
  ]
}